{"email": "y8qssywc@bheps.com", "password": "pagal0", "device": "4269AFF6AC6B791C6464C059A9F7C795D52FED70F80E732E4030D1117D9C3669D7890C70134A437541"},{"email": "00ohyr@oosln.com", "password": "pagal0", "device": "425CB696DAC58C38B2A0FE45A7DBEB9BE71854C97148F981B2551091A37F5667E17E497969BD6F7865"},{"email": "82re4z@1secmail.org", "password": "pagal0", "device": "424BEB5C9DB4BEFD7CBAC52376E6C765AB0894C72C9B4132D58D9173C760EE6D662EB2625A5C3C7D84"},{"email": "2aovgl@vddaz.com", "password": "pagal0", "device": "42FE2D8BDF83BD1340724E3F48EF778B9742E1D3CC989887AEE757D797CE8B647C804A97FA6B9F644C"},{"email": "sj8lh6hk2an@vddaz.com", "password": "pagal0", "device": "428E06AAE7648566EC2B3CDAC56B097016C20A0D9AD7AAEA450D5491C14211E05E03070A05FEC53D87"},{"email": "sntxz6@1secmail.org", "password": "pagal0", "device": "423FAD20F0075C886836214BD41ED56ACAD03FCFE9B212AD8B7A09B4E5A814B7323AABDAFF9BBE290B"},{"email": "lj287p48oflz@wwjmp.com", "password": "pagal0", "device": "422F6AA07295768653658AC277905057572D1EC53A74E2C9B2D37DF9FAD295E24E5D43BB0F7E28790C"},{"email": "e3ipmbun@dcctb.com", "password": "pagal0", "device": "4223247DA8FE33CA4248AFCB3F2BC2F83BDDF6869A844B71EA0955115529DE2D49C6D6518CD4D1CDAE"},{"email": "81qql7ls47@dcctb.com", "password": "pagal0", "device": "42031FEC88E7D5F52D0A6DEC0080219C7F9BFC49C9E626D6F522A4FCC2861A06E7CBD0CD09611FA02E"},{"email": "rpgoci@1secmail.com", "password": "pagal0", "device": "42EAF101AA70E697B458EB7A4FB5083E9A5D3D61A15E7702F4D258132FEB8A3A9267D30E380692FAB2"},
{
"email": "mkau8ff9wz@esiix.com",
"password": "pagal0",
"deviceid": "42EF11FB6B00FAB4E0B541BDBDCD6CD0B21E31099BF9A2774DC616D7CFA2674A051C714A2B87FEAB0D",
"SID": "AnsiMSI6IG51bGwsICIwIjogMiwgIjMiOiAwLCAiMiI6ICJkOTI0M2I4NC1iZGJmLTQ4YmItYjYwZi00ODZmZDRkNzFlNjQiLCAiNSI6IDE2NTQ5MjIwMjIsICI0IjogIjQ3LjE1Ljk2LjI0NCIsICI2IjogMTAwfd6Tbz5X3eNg3Y5LJfqv-ArbyyMW"
},
{
"email": "2pzsk9q8x7u@esiix.com",
"password": "pagal0",
"deviceid": "421D4CD7FDF48CF36AE57D3463257CF10CDA78DB8910780C113B0381A528D9C3D0B29FB5E7E2AC3B5D",
"SID": "AnsiMSI6IG51bGwsICIwIjogMiwgIjMiOiAwLCAiMiI6ICI0NzM1NGZiOS03OWNkLTQzNDUtODM3ZS0yMGNiZjM1OWJhN2EiLCAiNSI6IDE2NTQ5MjI0MDEsICI0IjogIjQ3LjE1Ljk2LjI0NCIsICI2IjogMTAwfb0tvO9KyCNHamv_sBb6lndEllGj"
},
{
"email": "8lqu21j@1secmail.org",
"password": "pagal0",
"deviceid": "429DA3B193D57A055C305971C78F1CA3826C036DB1FE0878A814800962E6FAC0DECA1A39A61DDD2604",
"SID": "AnsiMSI6IG51bGwsICIwIjogMiwgIjMiOiAwLCAiMiI6ICIwZDZiMzdkNC00YzViLTQzNTAtYjE0Zi00Y2VhZDE3NDBjNTciLCAiNSI6IDE2NTQ5MjcyOTAsICI0IjogIjQ3LjE1LjEwNC4yMjYiLCAiNiI6IDEwMH2tKbeYNtZY_d1KXghpbhB7M871uw"
},
{
"email": "ixld4w@oosln.com",
"password": "pagal0",
"deviceid": "42176A91E95AF42BB18CB661DF4FC2A431716B139E5585DFB42DF01B194CDD9FE375514F5039948B01",
"SID": "AnsiMSI6IG51bGwsICIwIjogMiwgIjMiOiAwLCAiMiI6ICI2NmM3MTBkZC1kMWZhLTRmYmYtYmRiZC01YWFjZmViNmZhOWQiLCAiNSI6IDE2NTQ5Mjc0NDUsICI0IjogIjQ3LjE1LjEwNC4yMjYiLCAiNiI6IDEwMH3qQk1eEhoafht-VbXnZ2SHDzS_TQ"
},
{
"email": "nxu2jth9lu@bheps.com",
"password": "pagal0",
"deviceid": "424475F45114E1217FA4F3DF67B131B66ED094997BE44620EEE29BF15484A59DA644E245669B83D56E",
"SID": "AnsiMSI6IG51bGwsICIwIjogMiwgIjMiOiAwLCAiMiI6ICJlZDRmMzA0NC0wMTYyLTQzOTktYTdkYy00N2RiOGZmYWRiZTMiLCAiNSI6IDE2NTQ5Mjc1MTksICI0IjogIjQ3LjE1LjEwNC4yMjYiLCAiNiI6IDEwMH3HzMMVRATTWldxuoGBTl-noZAKBQ"
},
{
"email": "yzu4v4nyb5jz@bheps.com",
"password": "Pagal0",
"deviceid": "42866A9FD66A73CDBE1B3CA08172724EE06C8DADEFC784207F682D7EDC0642E404DE4D01C8B58F7448",
"SID": "AnsiMSI6IG51bGwsICIwIjogMiwgIjMiOiAwLCAiMiI6ICIzOWQzOWQ4Yy0zMWFiLTQyY2UtYTVhNi1mN2MzZGNiNWNlNjAiLCAiNSI6IDE2NTQ5Mjc3MDQsICI0IjogIjQ3LjE1LjEwNC4yMjYiLCAiNiI6IDEwMH3FAG7M0bZpaJL8V-y-jfoz8pE11Q"
},
{
"email": "rr8y8a61s@1secmail.net",
"password": "pagal0",
"deviceid": "42453AE339AF1B4038237DCC938BDAC97563D2F97AAECF8A685F7EE3BF147582B1D717633C2FF3B9CC",
"SID": "AnsiMSI6IG51bGwsICIwIjogMiwgIjMiOiAwLCAiMiI6ICI5Y2M2ZWQ2ZS1mOTM0LTQ2MTctOGRjOS03MWY2NjI4NjhkNDIiLCAiNSI6IDE2NTQ5Mjc4NTAsICI0IjogIjQ3LjE1LjEwNC4yMjYiLCAiNiI6IDEwMH21nji3Rtm1HTPAloMXu3kbg3Hwxw"
},